Material	Short text	SKF	FAG	SNR	KOYO	EZO	NTN	NSK	RHP	ROLLWAY	TIMKEN	INA		
100247567	Подшипник 52206				Подшипник KOYO 52206									
100260213	Подшипник 3206				Подшипник KOYO 3206									
100301277	Подшипник K16х22х12				Подшипник KOYO K16х22х12									
100301278	Подшипник K55х63х20				Подшипник KOYO K55х63х20									
100301279	Подшипник RNA4903				Подшипник KOYO RNA4903									
100301360	Подшипник 6406	Подшипник SKF 6406	Подшипник FAG 6406	Подшипник SNR 6406	Подшипник KOYO 6406									
100301361	Подшипник 6201-2Z				Подшипник KOYO 6201-2Z									
100301362	Подшипник 6407	Подшипник SKF 6407	Подшипник FAG 6407	Подшипник SNR 6407	Подшипник KOYO 6407									
100301363	Подшипник NA2020				Подшипник KOYO NA2020									
100301364	Подшипник NA4913				Подшипник KOYO NA4913									
100301365	Подшипник NA4924				Подшипник KOYO NA4924									
100301366	Подшипник 1201	Подшипник SKF 1201 E-TN9	Подшипник FAG 1201-TVH		Подшипник KOYO 1201									
100301367	Подшипник 1201													
100301368	Подшипник 6408	Подшипник SKF 6408	Подшипник FAG 6408	Подшипник SNR 6408	Подшипник KOYO 6408									
100301369	Подшипник 6409	Подшипник SKF 6409	Подшипник FAG 6409	Подшипник SNR 6409	Подшипник KOYO 6409									
100301370	Подшипник 6411	Подшипник SKF 6411			Подшипник KOYO 6411									
100301371	Подшипник 6412	Подшипник SKF 6412	Подшипник FAG 6412		Подшипник KOYO 6412									
100301420	Подшипник 3756205	Подшипник SKF 3205A	Подшипник FAG 3205-BD-TVH	Подшипник SNR 3205B	Подшипник KOYO 3205		Подшипник NTN 5205S	Подшипник NSK 3205BTNG						
100301421	Подшипник 3756206	Подшипник SKF 3206A	Подшипник FAG 3206-BD-TVH		Подшипник KOYO 3206		Подшипник NTN 5206	Подшипник NSK 3206						
100301425	Подшипник 42312	Подшипник SKF NJ312ECP		Подшипник SNR NJ312EG15	Подшипник KOYO NJ312		Подшипник NTN NJ312	Подшипник NSK NJ312EM						
100301426	Подшипник 50213			Подшипник SNR 6213N				Подшипник NSK 6213N						
100301432	Подшипник 50213			Подшипник SNR 6213N				Подшипник NSK 6213N						
100301433	Подшипник 576205	Подшипник		Подшипник SNR 7205										
100301436	Подшипник 6025	Подшипник SKF 625	Подшипник FAG 625	Подшипник SNR 625										
100301631	Подшипник 6413			Подшипник SNR 6413	Подшипник KOYO 6413									
100301635	Подшипник 6025	Подшипник SKF 625	Подшипник FAG 625	Подшипник SNR 625										
100301640	Подшипник 6414			Подшипник SNR 6414	Подшипник KOYO 6414									
100301732	Подшипник NJ202EG15			Подшипник SNR NJ202EG15										
100301733	Подшипник NJ203EG15			Подшипник SNR NJ203EG15										
100301734	Подшипник NJ234EC	Подшипник SKF NJ234EC												
100301741	Подшипник NC38				Подшипник KOYO NC38									
100301748	Подшипник 34	Подшипник SKF W 634 R-2Z			Подшипник KOYO 634			Подшипник NSK F634ZZ1						
100301771	Подшипник NJ2216EG15			Подшипник SNR NJ2216EG15										
100301772	Подшипник RNA4902				Подшипник KOYO RNA4902									
100301778	Подшипник 6026	Подшипник SKF 626-2RSH	Подшипник FAG 626-2RSR	Подшипник SNR 6026	Подшипник KOYO 626			Подшипник NSK 626 DD						
100301785	Подшипник NJ2309				Подшипник KOYO NJ2309									
100301802	Подшипник K8X11X10				Подшипник KOYO K8X11X10									
100301852	Подшипник 7416BG			Подшипник SNR 7416BG			Подшипник NTN 7416BG							
100301866	Подшипник K32X37X27						Подшипник NTN K32X37X27					Подшипник INA K32X37X27		
100301884	Подшипник K24X28X10H				Подшипник KOYO K24X28X10H									
100301891	Подшипник 6206N			Подшипник SNR 6206N	Подшипник KOYO 6206N									
100301895	Подшипник 6207N			Подшипник SNR 6207N	Подшипник KOYO 6207N									
100301901	Подшипник 22336EAW33			Подшипник SNR 22336EAW33										
100301904	Подшипник 6209N			Подшипник SNR 6209N	Подшипник KOYO 6209N									
100301907	Подшипник 6210N			Подшипник SNR 6210N	Подшипник KOYO 6210N									
100301908	Подшипник 22338EAW33			Подшипник SNR 22338EAW33										
100301912	Подшипник 6213N			Подшипник SNR 6213N	Подшипник KOYO 6213N									
100301988	Подшипник 6300N	Подшипник SKF 6300N	Подшипник FAG 6300N	Подшипник SNR 6300N	Подшипник KOYO 6300N				Подшипник RHP 6300N					
100316713	Подшипник 6305N			Подшипник SNR 6305N										
100316937	Подшипник 6306N			Подшипник SNR 6306N										
100316939	Подшипник 6307N			Подшипник SNR 6307N	Подшипник KOYO 6307N									
100336886	Подшипник 6311N			Подшипник SNR 6311N	Подшипник KOYO 6311N									
100336887	Подшипник 6314N	Подшипник SKF 6314N		Подшипник SNR 6314N	Подшипник KOYO 6314N									
100337291	Подшипник 18	Подшипник SKF 608-2RSH	Подшипник FAG 608-2RSR	Подшипник SNR 608EE	Подшипник KOYO 608		Подшипник NTN 608LLU	Подшипник NSK 608 DD						
100337498	Подшипник 1000902	Подшипник		Подшипник SNR 61902G15										
100337499	Подшипник 7000104	Подшипник SKF 16004	Подшипник FAG 16004	Подшипник SNR 16004				Подшипник NSK 16004						
100342056	Подшипкник 6000 2RSR													
100342057	Подшипник 6410NR				Подшипник KOYO 6410NR									
100350818	Подшипник 6411N	Подшипник SKF 6411N		Подшипник SNR 6411N										
100350819	Подшипник 6412N	Подшипник SKF 6412N	Подшипник FAG 6412N											
100350830	Подшипник 615722	Подшипник SKF 615722												
100350831	Подшипник 51100			Подшипник SNR 51100	Подшипник KOYO 51100									
100350832	Подшипник 51107			Подшипник SNR 51107	Подшипник KOYO 51107									
100357815	Подшипник 51210			Подшипник SNR 51210										
100357816	Подшипник KR30-2RS				Подшипник KOYO KR30-2RS									
100358355	Подшипник 22216RHRW33				Подшипник KOYO 22216RHRW33									
100358357	Подшипник 22218RHRW33	Подшипник SKF 22218RHRW33												
100359219	Подшипник 22220RHRW33				Подшипник KOYO 22220RHRW33									
100359223	Подшипник 22226EAW33			Подшипник SNR 22226EAW33										
100360027	Подшипник 22228EAW33			Подшипник SNR 22228EAW33										
100360044	Подшипник 22230EAW33			Подшипник SNR 22230EAW33										
100360061	Подшипник 22309EAW33			Подшипник SNR 22309EAW33										
100360458	Подшипник 22310EAW33			Подшипник SNR 22310EAW33										
100361052	Подшипник 22311EAW33			Подшипник SNR 22311EAW33										
100362748	Подшипник 51208				Подшипник KOYO 51208									
100380837	Подшипник 7000105	Подшипник SKF 16005	Подшипник FAG 16005	Подшипник SNR 16005	Подшипник Koyo 16004			Подшипник NSK 16005						
100380934	Подшипник 22312EAW33			Подшипник SNR 22312EAW33										
100380935	Подшипник 22314EAW33			Подшипник SNR 22314EAW33										
100380984	Уплотнподшип Cooper ATLHT 75 mm(VITON)													
100380986	Уплот подшип Cooper ATLHT 70 mm(VITON)													
100382991	Подшипник 80027	Подшипник SKF 627-2Z	Подшипник FAG 627-2Z		Подшипник KOYO 627-2Z		Подшипник NTN 627ZZ							
100385214	Подшипник 22315EAW33			Подшипник SNR 22315EAW33										
100385216	Подшипник 22316EAW33			Подшипник SNR 22316EAW33										
100385217	Подшипник 22318EAW33C3			Подшипник SNR 22318EAW33C3										
100390033	Подшипник 22340EAW33			Подшипник SNR 22340EAW33										
100390050	Подшипник 22320EAW33			Подшипник SNR 22320EAW33										
100390083	Подшипник 52205				Подшипник KOYO 52205									
100390284	Подшипник 3204				Подшипник KOYO 3204									
100390893	Подшипник 608Z				Подшипник KOYO 608Z									
100390932	Подшипник 623Z			Подшипник SNR 623Z	Подшипник KOYO 623Z									
100391324	Подшипник 625Z				Подшипник KOYO 625Z									
100391327	Подшипник 626Z				Подшипник KOYO 626Z									
100391507	Подшипник 1306	Подшипник SKF 1306ETN9	Подшипник FAG 1306-TVH	Подшипник SNR 1306	Подшипник KOYO 1306		Подшипник NTN 1306S	Подшипник NSK 1306						
100392554	Подшипник 80027С1	Подшипник SKF W627-2Z	Подшипник FAG 627-2Z 		Подшипник KOYO 627-2Z		Подшипник NTN 627ZZ	Подшипник NSK 627 ZZ						
100392555	Подшипник 80201	Подшипник SKF 6201-2Z	Подшипник FAG 6201-C-2Z	Подшипник SNR 6201ZZ	Подшипник KOYO 6201-2Z		Подшипник NTN 6201ZZ	Подшипник NSK 6201ZZ						
100392556	Подшипник 80307	Подшипник SKF 6307-2Z	Подшипник FAG 6307-2Z	Подшипник SNR 6307FT150ZZ	Подшипник KOYO 6307-2Z		Подшипник NTN 6307ZZ	Подшипник NSK 6307ZZ						
100392557	Подшипник 80801	Подшипник SKF 16101-2Z	Подшипник FAG 16101.2ZR								Подшипник Timken 16101 ZZ			
100393476	Подшипник 627Z				Подшипник KOYO 627Z									
100393477	Подшипник 52207				Подшипник KOYO 52207									
100393667	Подшипник 629Z				Подшипник KOYO 629Z									
100393668	Подшипник 6006Z				Подшипник KOYO 6006Z									
100393669	Подшипник ЕN12							Подшипник NSK ЕN12						
100393680	Подшипник 6201Z				Подшипник KOYO 6201Z									
100394363	Подшипник 6202Z				Подшипник KOYO 6202Z									
100394364	Подшипник 6203Z				Подшипник KOYO 6203Z									
100394779	Подшипник 6204Z				Подшипник KOYO 6204Z									
100394811	Подшипник 6205Z				Подшипник KOYO 6205Z									
100401254	Подшипник 6208Z				Подшипник KOYO 6208Z									
100408614	Подшипник 52205				Подшипник KOYO 52205									
100479480	Подшипник 8208	Подшипник SKF 51208	Подшипник FAG 51208	Подшипник SNR 51208	Подшипник KOYO 51208		Подшипник NTN 51208	Подшипник NSK 51208						
100481024	Подшипник 52207				Подшипник KOYO 52207									
100481027	Подшипник 6218Z				Подшипник Koyo 6218Z		Подшипник NTN 6218Z							
100481127	Подшипник 623			Подшипник SNR 623	Подшипник KOYO 623									
100482580	Подшипник 625			Подшипник SNR 625			Подшипник NTN 625							
100486240	Подшипник 626				Подшипник KOYO 626									
100486241	Подшипник 6307Z				Подшипник KOYO 6307Z									
100489340	Подшипник 901201	Подшипник SKF 1201ETN9	Подшипник FAG 1201-TVH		Подшипник KOYO 1201		Подшипник NTN 1201	Подшипник NSK 1201						
100489405	Подшипник JH-78				Подшипник KOYO JH-78									
100490406	Подшипник 608				Подшипник KOYO 608									
100490415	Подшипник 6902				Подшипник KOYO 6902									
100490416	Подшипник 6200				Подшипник KOYO 6200									
100490418	Подшипник 6202			Подшипник SNR 6202	Подшипник KOYO 6202									
100493263	Подшипник 7004CVUJ74			Подшипник SNR 7004CVUJ74										
100495228	Подшипник 92206	Подшипник SKF NUP206ECP	Подшипник FAG NUP206-E-TVP2	Подшипник SNR NUP206EG15	Подшипник KOYO NUP206		Подшипник NTN NUP206E	Подшипник NSK NUP 206 EW						
100495229	Подшипник 92220	Подшипник SKF NUP220	Подшипник FAG NUP220E.TVP2		Подшипник KOYO NUP220		Подшипник NTN NUP220	Подшипник NSK NUP220ET						
100496496	Подшипник 7216B				Подшипник KOYO 7216B									
100505380	Подшипник 7305B				Подшипник KOYO 7305B									
100518470	Подшипник 52209				Подшипник KOYO 52209									
100518471	Подшипник 52236	Подшипник SKF 52236												
100518475	Подшипник 52208				Подшипник KOYO 52208									
100518584	Подшипник 1000808				Подшипник KOYO 6808									
100519200	Подшипник 52316	Подшипник SKF 52316												
100519201	Подшипник ADR.FAX4	Подшипник SKF ADR.FAX4												
100529318	Подшипник 7312B				Подшипник KOYO 7312B									
100529319	Подшипник 7414BG				Подшипник KOYO 7414BG									
100529330	Подшипник 7322BGM	Подшипник SKF 7322BGM		Подшипник SNR 7322BGM										
100529969	Подшипник 30203JR				Подшипник KOYO 30203JR									
100530282	Подшипник 30207JR				Подшипник KOYO 30207JR									
100530292	Подшипник 30208JR				Подшипник KOYO 30208JR									
100531292	Подшипник 32210JR	Подшипник SKF 32210JR			Подшипник KOYO 32210JR									
100531295	Подшипник 30206JR				Подшипник KOYO 30206JR									
100533126	Подшипник 6405		Подшипник FAG 6405	Подшипник SNR 6405	Подшипник KOYO 6405									
100555660	Подшипник 1000901				Подшипник KOYO 6901									
100567139	Подшипник 1000904				Подшипник KOYO 6904									
100567999	Подшипник 30214JR				Подшипник KOYO 30214JR									
100568015	Подшипник 6301				Подшипник KOYO 6301									
100653176	Подшипник 30304JR				Подшипник KOYO 30304JR									
100653240	Подшипник 1000902													
100653241	Подшипник 101			Подшипник SNR 6001										
100653242	Подшипник 102			Подшипник SNR 6002										
100653243	Подшипник 103				Подшипник KOYO 6003									
100653244	Подшипник 104			Подшипник SNR 6004										
100653245	Подшипник 105			Подшипник SNR 6005										
100679687	Подшипник 30305JR				Подшипник KOYO 30305JR									
100761443	Подшипник 30307JR				Подшипник KOYO 30307JR									
100763040	Подшипник 30309JR				Подшипник KOYO 30309JR									
100763120	Подшипник 106			Подшипник SNR 6006										
100770242	Подшипник 30315JR				Подшипник KOYO 30315JR									
100777674	Подшипник 6034			Подшипник SNR 6034	Подшипник KOYO 6034									
100784581	Подшипник 22336VMK+AH2336			Подшипник SNR 22336VMK+AH2336										
100784583	Подшипник 32206JR				Подшипник KOYO 32206JR									
100784584	Подшипник 32208JR				Подшипник KOYO 32208JR									
100784585	Подшипник 32209JR	Подшипник SKF 32209JR			Подшипник KOYO 32209JR									
100788149	Подшипник 107			Подшипник SNR 6007										
100850536	Подшипник 32216JR	Подшипник SKF 32216JR												
100858325	Подшипник 32218JR	Подшипник SKF 32218JR			Подшипник KOYO 32218JR									
100858326	Подшипник 32306JR				Подшипник KOYO 32306JR									
100959788	Подшипник 32314JR				Подшипник KOYO 32314JR									
100969859	Подшипник K-LM11949/K-LM11910	Подшипник SKF K-LM11949/K-LM11910												
101169290	Подшипник 639154	Подшипник SKF 639154												
101190323	Подшипник 108		Подшипник FAG 108	Подшипник SNR 6008										
101190324	Подшипник 113			Подшипник SNR 6013										
101195941	Подшипник 608-2Z				Подшипник KOYO 608-2Z									
101197157	Подшипник 624-2Z				Подшипник KOYO 624-2Z									
101211052	Подшипник 625-2Z				Подшипник KOYO 625-2Z									
101212264	Подшипник 6317				Подшипник KOYO 6317									
101262437	Подшипник 629-2Z				Подшипник KOYO 629-2Z									
101267052	Подшипник 6008-2Z				Подшипник KOYO 6008-2Z									
101267173	Подшипник NA4904				Подшипник KOYO NA4904									
101271695	Подшипник 116			Подшипник SNR 6016										
101271696	Подшипник 1504				Подшипник KOYO 2204									
101275899	Подшипник 6200-2Z				Подшипник KOYO 6200-2Z									
101276897	Подшипник 6307-2Z				Подшипник KOYO 6307-2Z									
101365674	Подшипник 6202-2Z				Подшипник KOYO 6202-2Z									
101424602	Подшипник 6203-2Z				Подшипник KOYO 6203-2Z									
101427732	Подшипник 6204-2Z				Подшипник KOYO 6204-2Z									
101427761	Подшипник 6205-2Z				Подшипник KOYO 6205-2Z									
101427763	Подшипник 511/670F	Подшипник SKF 511/670F												
101444694	Подшипник 627-2Z				Подшипник KOYO 627-2Z									
101511921	Подшипник 1505				Подшипник KOYO 2205									
101524347	Подшипник 1508				Подшипник KOYO 2208									
101529503	Подшипник 51103				Подшипник KOYO 51103									
101539186	Подшипник 51104				Подшипник KOYO 51104									
101542444	Подшипник 51106				Подшипник KOYO 51106									
101542446	Подшипник 51108			Подшипник SNR 51108	Подшипник KOYO 51108									
101542451	Подшипник 51109				Подшипник KOYO 51109									
101542452	Подшипник 51113				Подшипник KOYO 51113									
101542453	Подшипник 51202				Подшипник KOYO 51202									
101542454	Подшипник 51212			Подшипник SNR 51212	Подшипник Koyo 51212									
101542467	Подшипник 51272F	Подшипник SKF 51272F												
101542510	Подшипник 51292F	Подшипник SKF 51292F												
101542804	Подшипник NUP2218				Подшипник KOYO NUP2218		Подшипник NTN NUP2218							
101572453	Подшипник 6208VA					Подшипник EZO 6208VA								
101583897	Подшипник NTA-815				Подшипник KOYO NTA-815									
101588116	Подшипник K28х33х13	Подшипник SKF K28х33х13			Подшипник KOYO K28х33х13									
101590779	Подшипник GE25DO											Подшипник INA GE25DO		
101598012	Подшипник GE30DO											Подшипник INA GE30DO		
101600595	Подшипник GE40DO											Подшипник INA GE40DO		
101600598	Подшипник GE50DO											Подшипник INA GE50DO		
101606311	Подшипник 6000				Подшипник KOYO 6000									
101607853	Подшипник 17				Подшипник KOYO 607									
101630260	Подшипник 18													
101630936	Подшипник 180105				Подшипник KOYO 6005-2RS									
101636967	Подшипник 180110				Подшипник KOYO 6010-2RS									
101637552	Подшипник 683					Подшипник EZO 683								
101645988	Подшипник 685				Подшипник KOYO 685									
101645992	Подшипник 687				Подшипник KOYO 687									
101645995	Подшипник 688P				Подшипник KOYO 688P									
101700244	Подшипник 695					Подшипник EZO 695								
101706562	Подшипник 696					Подшипник EZO 696								
101708168	Подшипник 697					Подшипник EZO 697								
101714344	Подшипник 698					Подшипник EZO 698								
101714348	Подшипник 699					Подшипник EZO 699								
101718192	Подшипник 6801				Подшипник KOYO 6801									
101726737	Подшипник 6802				Подшипник KOYO 6802									
101739638	Подшипник 6805				Подшипник KOYO 6805									
101743525	Подшипник 6807				Подшипник KOYO 6807									
101746404	Подшипник 200Х				Подшипник KOYO 6200									
101748266	Подшипник 200Ш				Подшипник KOYO 6200									
101751492	Подшипник 6808				Подшипник KOYO 6808									
101752571	Подшипник 6813				Подшипник KOYO 6813									
101762320	Подшипник 6817				Подшипник KOYO 6817									
101762356	Подшипник 6819				Подшипник KOYO 6819									
101762486	Подшипник 6820				Подшипник KOYO 6820									
101800847	Подшипник NA4907				Подшипник KOYO NA4907									
101800849	Подшипник NA4912				Подшипник KOYO NA4912									
101801365	Подшипник 7003HVDTJ74			Подшипник SNR 7003HVDTJ74										
101802121	Подшипник 6821				Подшипник KOYO 6821									
101802125	Подшипник 6830							Подшипник NSK 6830						
101802516	Подшипник 6844				Подшипник KOYO 6844									
101802671	Подшипник 61856	Подшипник SKF 61856												
101802672	Подшипник 61892	Подшипник SKF 61892	Подшипник FAG 61892											
101803058	Подшипник 6900				Подшипник KOYO 6900									
101803059	Подшипник 6901				Подшипник KOYO 6901									
101803090	Подшипник 7003HVDTJ74			Подшипник SNR 7003HVDTJ74										
101803092	Подшипник 6903				Подшипник KOYO 6903									
101803093	Подшипник 6904				Подшипник KOYO 6904									
101803094	Подшипник 6905				Подшипник KOYO 6905									
101803097	Подшипник 6907				Подшипник KOYO 6907									
101803098	Подшипник 7309HG1DTJ74			Подшипник SNR 7309HG1DTJ74										
101803103	Подшипник 7005CVUJ74			Подшипник SNR 7005CVUJ74										
101803107	Подшипник 6410N	Подшипник SKF 6410N	Подшипник FAG 6410N											
101803110	Подшипник 6908				Подшипник KOYO 6908									
101803115	Подшипник 6909				Подшипник KOYO 6909									
101803116	Подшипник 6911				Подшипник KOYO 6911									
101803118	Подшипник 6912				Подшипник KOYO 6912									
101805955	Подшипник 200ШХ				Подшипник KOYO 6200									
101805957	Подшипник 202				Подшипник KOYO 6202									
101806000	Подшипник 6915				Подшипник KOYO 6915									
101806617	Подшипник 6410N	Подшипник SKF 6410N	Подшипник FAG 6410N											
101806619	Подшипник 6410N	Подшипник SKF 6410N	Подшипник FAG 6410N											
101806711	Подшипник 125	Подшипник SKF 125												
101806712	Подшипник 6001			Подшипник SNR 6001										
101806713	Подшипник 6002			Подшипник SNR 6002										
101818178	Подшипник ZARN2052TN											Подшипник INA ZARN2052TN		
101818195	Подшипник 6003				Подшипник KOYO 6003			Подшипник NSK EN3						
101818196	Подшипник 694-2Z					Подшипник EZO 694-2Z								
101818253	Подшипник ZARN3570TN											Подшипник INA ZARN3570TN		
101820595	Подшипник 696-2Z					Подшипник EZO 696-2Z								
101820673	Подшипник ZARN3570TN											Подшипник INA ZARN3570TN		
101820675	Подшипник ZARN3570TNA											Подшипник INA ZARN3570TNA		
101820676	Подшипник ZARN4075TN											Подшипник INA ZARN4075TN		
101820700	Подшипник ZARN4075-TV											Подшипник INA ZARN4075-TV		
101820701	Подшипник NK40/30				Подшипник KOYO NK40/30									
101820703	Подшипник NK50/25				Подшипник KOYO NK50/25									
101820704	Подшипник K25X30X20H				Подшипник KOYO K25X30X20H									
101821157	Подшипник NK25/16				Подшипник KOYO NK25/16									
101822768	Подшипник NK29/20				Подшипник KOYO NK29/20									
101822876	Подшипник 32213JR	Подшипник SKF 32213JR			Подшипник KOYO 32213JR									
101822917	Подшипник 698-2Z				Подшипник KOYO 698-2Z									
101822940	Подшипник 6800ZZP				Подшипник KOYO 6800ZZP									
101822948	Подшипник 6900ZZ				Подшипник KOYO 6900ZZ									
101823565	Подшипник 6902-2Z				Подшипник KOYO 6902-2Z									
101823574	Подшипник 6009			Подшипник SNR 6009										
101823577	Подшипник 6011			Подшипник SNR 6011										
101823591	Подшипник 1204К				Подшипник KOYO 1204К									
101823592	Подшипник 33109JR				Подшипник KOYO 33109JR									
101823596	Подшипник 1205K				Подшипник KOYO 1205K									
101830878	Подшипник 1207K				Подшипник KOYO 1207K									
101830919	Подшипник 1208K				Подшипник KOYO 1208K									
101830931	Подшипник 1209K				Подшипник KOYO 1209K									
101835845	Подшипник 1210K				Подшипник KOYO 1210K									
101835891	Подшипник 1211K				Подшипник KOYO 1211K									
101835892	Подшипник 1212K				Подшипник KOYO 1212K									
101835895	Подшипник 1212К				Подшипник KOYO 1212К									
101835899	Подшипник 1213К				Подшипник KOYO 1213К									
101835901	Подшипник 1306К				Подшипник KOYO 1306К									
101835902	Подшипник 32948R	Подшипник SKF 32948R												
101835904	Подшипник NUP409	Подшипник SKF NUP409												
101835906	Подшипник RNA6919	Подшипник SKF RNA6919												
101836026	Подшипник RNA6915				Подшипник KOYO RNA6915									
101836104	Подшипник GE12E	Подшипник SKF GE12E												
101840349	Подшипник 1309К				Подшипник KOYO 1309К									
101840350	Подшипник 1310К				Подшипник KOYO 1310К									
101840351	Подшипник 1311К				Подшипник KOYO 1311К									
101840352	Подшипник 1312К				Подшипник KOYO 1312К									
101840353	Подшипник 1313К									Подшипник ROLLWAY 1313К				
101873071	Подшипник 1315К				Подшипник KOYO 1315К									
101878618	Подшипник 1320К				Подшипник KOYO 1320К									
101878619	Подшипник 1322К	Подшипник SKF 1322К												
101878650	Подшипник 2207К	Подшипник SKF 2207К												
101878651	Подшипник 2308К				Подшипник KOYO 2308К									
101878884	Подшипник 2311К				Подшипник KOYO 2311К									
101881314	Подшипник 6012				Подшипник KOYO 6012			Подшипник NSK ЕN12						
101881316	Подшипник GE5E	Подшипник SKF GE5E												
101881319	Подшипник 6013			Подшипник SNR 6013										
101881330	Подшипник 1308K+H308				Подшипник KOYO 1308K+H308									
101883191	Подшипник 6014			Подшипник SNR 6014										
101883195	Подшипник 6015			Подшипник SNR 6015				Подшипник NSK EN15						
101883937	Подшипник 6018			Подшипник SNR 6018										
101887990	Подшипник 6020	Подшипник SKF  E20		Подшипник SNR 6020										
101888161	Подшипник GE6E	Подшипник SKF GE6E												
101890435	Подшипник 1200E				Подшипник KOYO 1200E									
101892470	Подшипник GE8E	Подшипник SKF GE8E												
101897258	Подшипник 1202				Подшипник KOYO 1202									
101902473	Подшипник 1203				Подшипник KOYO 1203									
101902602	Подшипник 1203TN9	Подшипник SKF 1203TN9												
101902603	Подшипник 1204				Подшипник KOYO 1204									
101914488	Подшипник 1205				Подшипник KOYO 1205									
101930133	Подшипник 1206			Подшипник SNR 1206K	Подшипник KOYO 1206									
101930156	Подшипник 1201E				Подшипник KOYO 1201E									
101930157	Подшипник 1206K			Подшипник SNR 1206K	Подшипник KOYO 1206K									
101930159	Подшипник 6005EE			Подшипник SNR 6005EE										
101930792	Подшипник GE12E	Подшипник SKF GE12E												
101954650	Подшипник 1207				Подшипник KOYO 1207									
101967736	Подшипник 1207TN9	Подшипник SKF 1207TN9												
101968847	Подшипник 1208				Подшипник KOYO 1208									
101969565	Подшипник 1209			Подшипник SNR 1209	Подшипник KOYO 1209									
101969567	Подшипник 202													
101980354	Подшипник 6021			Подшипник SNR 6021										
102012920	Подшипник 1210				Подшипник KOYO 1210									
102012921	Подшипник 1211				Подшипник KOYO 1211									
102055859	Подшипник 1212				Подшипник KOYO 1212									
102073928	Подшипник 1214				Подшипник KOYO 1214									
102073929	Подшипник 1215			Подшипник SNR 1215										
102075515	Подшипник 1216				Подшипник KOYO 1216									
102075517	Подшипник 6207				Подшипник KOYO 6207									
102081455	Подшипник 1216K				Подшипник KOYO 1216K									
102082432	Подшипник 1217				Подшипник KOYO 1217									
102090250	Подшипник 1218				Подшипник KOYO 1218									
102090265	Подшипник 6022			Подшипник SNR 6022										
102090267	Подшипник 1220				Подшипник KOYO 1220									
102090268	Подшипник 1221			Подшипник SNR 1221										
102090280	Подшипник 1224		Подшипник FAG 1224											
102090281	Подшипник NF308							Подшипник NSK NF308						
102090282	Подшипник NF310							Подшипник NSK NF310						
102090283	Подшипник NF315							Подшипник NSK NF315						
102090284	Подшипник 6024			Подшипник SNR 6024										
102090285	Подшипник NF418	Подшипник SKF NF418												
102090286	Подшипник QJ212	Подшипник SKF QJ212												
102090287	Подшипник QJ219	Подшипник SKF QJ219												
102090288	Подшипник QC35		Подшипник FAG QC35											
102090341	Подшипник 6028			Подшипник SNR 6028	Подшипник KOYO 628									
102090346	Подшипник 603					Подшипник EZO 603								
102090347	Подшипник 1302				Подшипник KOYO 1302									
102090360	Подшипник 1303				Подшипник KOYO 1303									
102090361	Подшипник 1304				Подшипник KOYO 1304									
102090362	Подшипник 1305				Подшипник KOYO 1305									
102090363	Подшипник 1307				Подшипник KOYO 1307									
102090364	Подшипник 1308				Подшипник KOYO 1308									
102090366	Подшипник 1309				Подшипник KOYO 1309									
102090367	Подшипник 1310				Подшипник KOYO 1310									
102090404	Подшипник 1313				Подшипник KOYO 1313									
102090406	Подшипник 1315				Подшипник KOYO 1315									
102090408	Подшипник 1316				Подшипник KOYO 1316									
102090409	Подшипник 1317				Подшипник KOYO 1317									
102090410	Подшипник 1318				Подшипник KOYO 1318									
102090454	Подшипник 6032				Подшипник KOYO 6032									
102090455	Подшипник 1320				Подшипник KOYO 1320									
102092690	Подшипник HK1516				Подшипник KOYO HK1516									
102092692	Подшипник 2200				Подшипник KOYO 2200									
102092693	Подшипник 2204				Подшипник KOYO 2204									
102092695	Подшипник 2205				Подшипник KOYO 2205									
102092696	Подшипник 2206				Подшипник KOYO 2206									
102092698	Подшипник 2207				Подшипник KOYO 2207									
102092700	Подшипник 2208				Подшипник KOYO 2208									
102092702	Подшипник 2209	Подшипник SKF N209MB			Подшипник KOYO 2209									
102092705	Подшипник 2210			Подшипник SNR N210EG15	Подшипник KOYO 2210									
102092706	Подшипник 608-RS				Подшипник KOYO 608-RS									
102092708	Подшипник 6009-RS				Подшипник KOYO 6009-RS									
102092709	Подшипник 6009E			Подшипник SNR 6009E										
102092720	Подшипник 6204-RS				Подшипник KOYO 6204-RS									
102092721	Подшипник 6204E			Подшипник SNR 6204E										
102092722	Подшипник 6205-RS				Подшипник KOYO 6205-RS									
102092724	Подшипник 6205E			Подшипник SNR 6205E										
102092725	Подшипник 6206E			Подшипник SNR 6206E										
102092726	Подшипник 6206-RS				Подшипник KOYO 6206-RS									
102092727	Подшипник 6302-E			Подшипник SNR 6302-E										
102092728	Подшипник 6306-RS				Подшипник KOYO 6306-RS									
102092729	Подшипник 62202-2RSR		Подшипник FAG 62202-2RSR											
102092740	Подшипник 62212-RS1	Подшипник SKF 62212-RS1												
102092742	Подшипник 2308				Подшипник KOYO 2308									
102092744	Подшипник 2309			Подшипник SNR N309EG15	Подшипник KOYO 2309									
102092747	Подшипник 2314				Подшипник KOYO 2314									
102092748	Подшипник 6304-RS				Подшипник KOYO 6304-RS									
102092750	Подшипник UC305G2			Подшипник SNR UC305G2										
102092751	Подшипник 751140MR.P6		Подшипник FAG 751140MR.P6											
102092752	Подшипник 607				Подшипник KOYO 607									
102092753	Подшипник 412NRM	Подшипник SKF 412NRM												
102092754	Подшипник QJ1009	Подшипник SKF QJ1009												
102093394	Подшипник 608-2RS				Подшипник KOYO 608-2RS									
102093395	Подшипник 609-2RS				Подшипник KOYO 609-2RS									
102093396	Подшипник 6002EE			Подшипник SNR 6002EE										
102093397	Подшипник 6003-2RS				Подшипник KOYO 6003-2RS									
102093399	Подшипник 6005-2RS				Подшипник KOYO 6005-2RS									
102093430	Подшипник 6006-2RS				Подшипник KOYO 6006-2RS									
102093432	Подшипник 6006EE			Подшипник SNR 6006EE										
102093433	Подшипник 6009-2RS				Подшипник KOYO 6009-2RS									
102093434	Подшипник 6009EE			Подшипник SNR 6009EE										
102093435	Подшипник 6010-2RS				Подшипник KOYO 6010-2RS									
102093436	Подшипник 6201-2RS				Подшипник KOYO 6201-2RS									
102093437	Подшипник 6206EE			Подшипник SNR 6206EE										
102093439	Подшипник 6207-2RS				Подшипник KOYO 6207-2RS									
102093440	Подшипник 6207EE			Подшипник SNR 6207EE										
102093444	Подшипник 6208-2RS				Подшипник KOYO 6208-2RS									
102093445	Подшипник 6208EE			Подшипник SNR 6208EE										
102093446	Подшипник 6213EE			Подшипник SNR 6213EE										
102093447	Подшипник 6302-2RS				Подшипник KOYO 6302-2RS									
102093449	Подшипник 6302EE			Подшипник SNR 6302EE										
102093460	Подшипник 6305EE			Подшипник SNR 6305EE										
102093461	Подшипник 6306EE			Подшипник SNR 6306EE										
102093462	Подшипник 6307EE			Подшипник SNR 6307EE										
102093465	Подшипник 6308EE			Подшипник SNR 6308EE										
102093466	Подшипник 6309EE			Подшипник SNR 6309EE										
102093467	Подшипник 6310-2RS				Подшипник KOYO 6310-2RS									
102093480	Подшипник 62200EE			Подшипник SNR 62200EE										
102093481	Подшипник 62203EE			Подшипник SNR 62203EE										
102093483	Подшипник 62204EE			Подшипник SNR 62204EE										
102093484	Подшипник 62205EE			Подшипник SNR 62205EE										
102093485	Подшипник 62206EE			Подшипник SNR 62206EE										
102093487	Подшипник 62208EE			Подшипник SNR 62208EE										
102116311	Подшипник 62210EE			Подшипник SNR 62210EE										
102116319	Подшипник 62212EE			Подшипник SNR 62212EE										
102116370	Подшипник 62302EE			Подшипник SNR 62302EE										
102210383	Подшипник 62303EE			Подшипник SNR 62303EE										
102210384	Подшипник 62304EE			Подшипник SNR 62304EE										
102210385	Подшипник 62306EE			Подшипник SNR 62306EE										
102210386	Подшипник 62307EE			Подшипник SNR 62307EE										
102210387	Подшипник 53204+U204	Подшипник SKF 53204+U204												
102210389	Подшипник F683					Подшипник EZO F683								
102210410	Подшипник F694					Подшипник EZO F694								
102210411	Подшипник 695-2Z					Подшипник EZO 695-2Z								
102210412	Подшипник 608ТА	Подшипник SKF 608ТА												
102210413	Подшипник 351148B	Подшипник SKF 351148B												
102210414	Подшипник 235372AF	Подшипник SKF 235372AF												
102210417	Подшипник 351195	Подшипник SKF 351195												
102210418	Подшипник W7399-1	Подшипник SKF W7399-1												
102210419	Подшипник W6434-1	Подшипник SKF W6434-1												
102210450	Подшипник W7607-1	Подшипник SKF W7607-1												
102210451	Подшипник 32006JR				Подшипник KOYO 32006JR									
102210452	Подшипник 32006X						Подшипник NTN 32006X							
102210453	Подшипник 32007JR				Подшипник KOYO 32007JR									
102210454	Подшипник 32009JR				Подшипник KOYO 32009JR									
102210455	Подшипник 32010JR				Подшипник KOYO 32010JR									
102210458	Подшипник 32011JR				Подшипник KOYO 32011JR									
102210459	Подшипник 32013JR				Подшипник KOYO 32013JR									
102210490	Подшипник 32014JR				Подшипник KOYO 32014JR									
102210491	Подшипник 32015JR				Подшипник KOYO 32015JR									
102210493	Подшипник 32018JR				Подшипник KOYO 32018JR									
102210522	Подшипник 32018X						Подшипник NTN 32018X							
102210523	Подшипник 32020JR				Подшипник KOYO 32020JR									
102210525	Подшипник 32021JR				Подшипник KOYO 32021JR									
102210528	Подшипник 32022JR				Подшипник KOYO 32022JR									
102210541	Подшипник 32024X						Подшипник NTN 32024X							
102210544	Подшипник 32028JR				Подшипник KOYO 32028JR									
102210555	Подшипник 32030JR				Подшипник KOYO 32030JR									
102234498	Подшипник N205				Подшипник KOYO N205									
102234499	Подшипник N206				Подшипник KOYO N206									
102234520	Кольцо компенс.подшип.насоса СР20/0020													
102235045	Подшипник N222				Подшипник KOYO N222									
102235046	Подшипник N223				Подшипник KOYO N223									
102235047	Кольцо компенс.подшип.насоса СР10													
102239428	Подшипник 32032JR				Подшипник KOYO 32032JR									
102257153	Подшипник 32036JR				Подшипник KOYO 32036JR									
102257224	Подшипник 32038JR				Подшипник KOYO 32038JR									
102257227	Подшипник 32040JR				Подшипник KOYO 32040JR									
102257788	Подшипник 32048JR				Подшипник KOYO 32048JR									
102257789	Подшипник 32913XA						Подшипник NTN 32913XA							
102257790	Подшипник 32915	Подшипник SKF 32915												
102272904	Подшипник 32928JR				Подшипник KOYO 32928JR									
102272931	Подшипник 202													
102272932	Подшипник 202A				Подшипник KOYO 6202									
102280089	Подшипник 32930		Подшипник FAG 32930											
102321408	Подшипник 32934JR				Подшипник KOYO 32934JR									
102326957	Подшипник 32936JR				Подшипник KOYO 32936JR									
102326958	Подшипник 32938JR				Подшипник KOYO 32938JR									
102327503	Подшипник 203Е5				Подшипник KOYO 6203									
102328687	Подшипник 32944									Подшипник ROLLWAY 32944				
102334822	Подшипник 32948	Подшипник SKF 32948												
102334823	Подшипник 32952		Подшипник FAG 32952											
102334886	Подшипник 203Ш				Подшипник KOYO 6203									
102335042	Подшипник 3205A			Подшипник SNR 3205A										
102335686	Подшипник 32968		Подшипник FAG 32968											
102338516	Подшипник 6201				Подшипник KOYO 6201									
102339688	Подшипник 207				Подшипник KOYO 6207									
102346301	Подшипник 6201T	Подшипник SKF 6201T												
102346302	Подшипник 6203			Подшипник SNR 6203	Подшипник KOYO 6203									
102346509	Подшипник NU29/500M1		Подшипник FAG NU29/500M1											
102346520	Подшипник 6204			Подшипник SNR 7004CVUJ74	Подшипник KOYO 6204									
102347254	Подшипник 6204T	Подшипник SKF 6204T												
102383828	Подшипник 6205			Подшипник SNR 6205										
102387593	Подшипник 6206TN9	Подшипник SKF 6206TN9												
102387597	Подшипник 6207TN9	Подшипник SKF 6207TN9												
102387599	Подшипник 6208				Подшипник KOYO 6208									
102387602	Подшипник ADR.628/6ZZ	Подшипник SKF ADR.628/6ZZ												
102393896	*Узел подшип-ый 2H001370Aмель-ы2H													
102399071	Подшип.узел толкат.(424629) CRITERION													
102412854	Подшипник 688-2Z			Подшипник SNR 688-2Z		Подшипник EZO 688-2Z								
102412856	Подшипник 6208TN9	Подшипник SKF 6208TN9												
102412864	Подшипник 6209			Подшипник SNR 6209	Подшипник KOYO 6209									
102417827	Подшипник 32040T152X/DB	Подшипник SKF 32040T152X/DB												
102417828	Подшипник 6209TA	Подшипник SKF 6209TA												
102420014	Подшипник 208				Подшипник KOYO 6208									
102445513	Подшипник 6210			Подшипник SNR 6210	Подшипник KOYO 6210									
102445514	Подшипник N1004								Подшипник RHP N1004					
102449459	Подшипник 210				Подшипник KOYO 6210									
102456912	Подшипник N1007								Подшипник RHP N1007					
102464939	Подшипник 212				Подшипник KOYO 6212									
102500130	Подшипник 6313				Подшипник KOYO 6313									
102500318	Подшипник 6211			Подшипник SNR 6211	Подшипник KOYO 6211									
102500341	Подшипник N1010								Подшипник RHP N1010					
102513957	Подшипник 220К			Подшипник SNR 6220										
102520603	Подшипник 6322		Подшипник FAG 6322	Подшипник SNR 6322	Подшипник KOYO 6322									
102532357	Подшипник N1011								Подшипник RHP N1011					
102555418	Подшипник N1013								Подшипник RHP N1013					
102576570	Подшипник 25			Подшипник SNR 625										
102583901	Подшипник N1018								Подшипник RHP N1018					
102585195	Подшипник 25Г1У			Подшипник SNR 625										
102585196	Подшипник 26				Подшипник KOYO 626									
102585197	Подшипник 26Ш				Подшипник KOYO 626									
102596595	Подшипник S6211			Подшипник SNR S6211										
102602288	Подшипник 6212				Подшипник KOYO 6212									
102622106	Подшипник 302				Подшипник KOYO 6302									
102624227	Подшипник 305				Подшипник KOYO 6305									
102624228	Подшипник 3056205Е			Подшипник SNR 3205B										
102624229	Подшипник 3056206				Подшипник KOYO 3206									
102624230	Подшипник 3056207			Подшипник SNR 3207										
102624231	Подшипник 3056207													
102624232	Подшипник 307Ш				Подшипник KOYO 6307									
102624234	Подшипник 308К				Подшипник KOYO 6308									
102624235	Подшипник 308У				Подшипник KOYO 6308									
102624236	Подшипник 308УШ				Подшипник KOYO 6308									
102624238	Подшипник 308Ш				Подшипник KOYO 6308									
102624240	Подшипник 310				Подшипник KOYO 6310									
102624243	Подшипник 311	Подшипник SKF 6311												
102632827	Подшипник N204				Подшипник KOYO N204									
102639891	Узел подшип-ый 2H001370A мель-ы 2H													
102653311	Подшипник N204EG15			Подшипник SNR N204EG15										
102653312	Подшипник N207				Подшипник KOYO N207									
102654286	Подшипник 311													
102654287	Подшипник 311													
102668557	Подшипник 311													
102692646	Подшипник N209MB	Подшипник SKF N209MB												
102692649	Подшипник 6220			Подшипник SNR 6220										
102731834	Подшипник 317				Подшипник KOYO 6317									
102763442	Подшипник 32206				Подшипник KOYO NU206									
102785734	Подшипник 6322		Подшипник FAG 6322	Подшипник SNR 6322	Подшипник KOYO 6322									
102785734	Подшипник 6322		Подшипник FAG 6322	Подшипник SNR 6322	Подшипник KOYO 6322									
102785735	Подшипник N210EG15			Подшипник SNR N210EG15										
102785735	Подшипник N210EG15			Подшипник SNR N210EG15										
102785737	Подшипник NU209				Подшипник KOYO NU209									
102790838	Подшипник 6221			Подшипник SNR 6221	Подшипник KOYO 6221									
102790838	Подшипник 6221			Подшипник SNR 6221	Подшипник KOYO 6221									
102790839	Подшипник N222				Подшипник KOYO N222									
102790839	Подшипник N222				Подшипник KOYO N222									
102790850	Подшипник 3205A			Подшипник SNR 3205A										
102790850	Подшипник 3205A			Подшипник SNR 3205A										
102790851	Подшипник 6322		Подшипник FAG 6322	Подшипник SNR 6322	Подшипник KOYO 6322									
102790851	Подшипник 6322		Подшипник FAG 6322	Подшипник SNR 6322	Подшипник KOYO 6322									
102790981	Подшипник NU209				Подшипник KOYO NU209									
102791025	Подшипник N206				Подшипник KOYO N206									
102791025	Подшипник N206				Подшипник KOYO N206									
102791077	Подшипник 6322		Подшипник FAG 6322	Подшипник SNR 6322	Подшипник KOYO 6322									
102791077	Подшипник 6322		Подшипник FAG 6322	Подшипник SNR 6322	Подшипник KOYO 6322									
102791078	Подшипник 6221			Подшипник SNR 6221	Подшипник KOYO 6221									
102792269	Подшипник N212				Подшипник KOYO N212									
102794353	Подшипник 52207				Подшипник KOYO 52207									
102794353	Подшипник 52207				Подшипник KOYO 52207									
102794356	Подшипник 52209				Подшипник KOYO 52209									
102794356	Подшипник 52209				Подшипник KOYO 52209									
102795836	Подшипник N213EG15			Подшипник SNR N213EG15										
102795836	Подшипник N213EG15			Подшипник SNR N213EG15										
102798814	Подшипник 32506				Подшипник KOYO NU2206									
102836800	Подшипник N215EG15			Подшипник SNR N215EG15										
102838185	Подшипник N216EG15			Подшипник SNR N216EG15										
102838192	Подшипник N217				Подшипник KOYO N217									
102838192	Подшипник N217				Подшипник KOYO N217									
102839401	Подшипник N218EG15			Подшипник SNR N218EG15										
102839521	Подшипник N220EG15			Подшипник SNR N220EG15										
102840629	Подшипник N220				Подшипник KOYO N220									
102867747	Подшипник 22205EAW33			Подшипник SNR 22205EAW33										
102922279	Подшипник N220T	Подшипник SKF N220T												
102929791	Подшипник 22217EAW33			Подшипник SNR 22217EAW33										
102929795	Подшипник 22218EAW33			Подшипник SNR 22218EAW33										
102998099	Подшипник N226				Подшипник KOYO N226									
103003143	Подшипник 6222TA	Подшипник SKF 6222TA												
103076669	Подшипник 22308EAW33			Подшипник SNR 22308EAW33										
103099685	Подшипник 22318EAW33			Подшипник SNR 22318EAW33										
103104039	Подшипник 22322EAW33			Подшипник SNR 22322EAW33										
103104119	Подшипник N234		Подшипник FAG N234											
103117417	Подшипник 6224			Подшипник SNR 6224	Подшипник KOYO 6224									
103117419	Подшипник NP2224EC								Подшипник RHP NP2224EC					
103134172	Подшипник 6226TA	Подшипник SKF 6226TA												
103137033	Подшипник 6228			Подшипник SNR 6228	Подшипник KOYO 6228									
103137038	Подшипник 6230			Подшипник SNR 6230	Подшипник KOYO 6230									
103170359	Подшипник N306EG15			Подшипник SNR N306EG15										
103170399	Подшипник N308				Подшипник KOYO N308									
103170420	Подшипник N309				Подшипник KOYO N309									
103186343	Подшипник N310				Подшипник KOYO N310									
103240658	Подшипник N312EG15			Подшипник SNR N312EG15										
103252234	Подшипник N312				Подшипник KOYO N312									
103280549	Подшипник N315				Подшипник KOYO N315									
103280571	Подшипник N319				Подшипник KOYO N319									
103280576	Подшипник 6234M		Подшипник FAG 6234M											
103280577	Подшипник 7011CVDUJ84			Подшипник SNR 7011CVDUJ84										
103280660	Подшипник 7012CVDBJ74			Подшипник SNR 7012CVDBJ74										
103281957	Подшипник 7022CVDUJ84			Подшипник SNR 7022CVDUJ84										
103281958	Подшипник 7205CG1DBJ74			Подшипник SNR 7205CG1DBJ74										
103282006	Подшипник 7206CG1DBJ75			Подшипник SNR 7206CG1DBJ75										
103282008	Подшипник 7209CG1DBJ74			Подшипник SNR 7209CG1DBJ74										
103282009	Подшипник 7210CG1DBJ74			Подшипник SNR 7210CG1DBJ74										
103282050	Подшипник 7211CG1DBJ74			Подшипник SNR 7211CG1DBJ74										
103282051	Подшипник 624				Подшипник KOYO 624									
103282052	Подшипник 6244	Подшипник SKF 6244							Подшипник RHP 6244					
103282053	Подшипник NKJ25/30				Подшипник KOYO NKJ25/30									
103282055	Подшипник NKJ45/25				Подшипник KOYO NKJ45/25									
103282056	Подшипник NKJ60/25				Подшипник KOYO NKJ60/25									
103282058	Подшипник 7010HVDBJ84			Подшипник SNR 7010HVDBJ84										
103282081	Подшипник 7015HVDTJ04			Подшипник SNR 7015HVDTJ04										
103282083	Подшипник 7024HVDBJ74			Подшипник SNR 7024HVDBJ74										
103282085	Подшипник 7026HVDBJ82			Подшипник SNR 7026HVDBJ82										
103282086	Подшипник 624/S1	Подшипник SKF 624/S1												
103282287	Подшипник 624/S2	Подшипник SKF 624/S2												
103282288	Подшипник 627				Подшипник KOYO 627									
103282289	Подшипник 627/FE	Подшипник SKF 627/FE												
103282310	Подшипник 629				Подшипник KOYO 629									
103305784	Подшипник T101W										Подшипник TIMKEN T101W			
103305785	Подшипник 6300			Подшипник SNR 6300	Подшипник KOYO 6300									
103305787	Подшипник 3205B			Подшипник SNR 3205B										
103305789	Подшипник 3207			Подшипник SNR 3207	Подшипник KOYO 3207									
103305800	Подшипник 3207B			Подшипник SNR 3207B										
103305801	Подшипник 3208B			Подшипник SNR 3208B										
103307774	Подшипник 3209				Подшипник KOYO 3209									
103312259	Подшипник 3210				Подшипник KOYO 3210									
103312270	Подшипник 3211A			Подшипник SNR 3211A										
103312984	Подшипник 3211				Подшипник KOYO 3211									
103313012	Подшипник 5211				Подшипник KOYO 5211									
103313017	Подшипник 3212A			Подшипник SNR 3212A										
103343534	Подшипник 3215				Подшипник KOYO 3215									
103356347	Подшипник 3216				Подшипник KOYO 3216									
103356359	Подшипник 3303				Подшипник KOYO 3303									
103372658	Подшипник 3303A			Подшипник SNR 3303A										
103393226	Подшипник кон.роликовый D=45/85x23			Подшипник SNR 3304	Подшипник KOYO 3304									
